,total_sales,date
d_1,1686,2011-01-29
d_2,1661,2011-01-30
d_3,1189,2011-01-31
d_4,1137,2011-02-01
d_5,954,2011-02-02
d_6,1598,2011-02-03
d_7,1107,2011-02-04
d_8,1680,2011-02-05
d_9,1660,2011-02-06
d_10,1263,2011-02-07
d_11,1042,2011-02-08
d_12,1011,2011-02-09
d_13,860,2011-02-10
d_14,1063,2011-02-11
d_15,1813,2011-02-12
d_16,1964,2011-02-13
d_17,1204,2011-02-14
d_18,1237,2011-02-15
d_19,1106,2011-02-16
d_20,1184,2011-02-17
d_21,1184,2011-02-18
d_22,1541,2011-02-19
d_23,1676,2011-02-20
d_24,1216,2011-02-21
d_25,1059,2011-02-22
d_26,958,2011-02-23
d_27,1013,2011-02-24
d_28,1036,2011-02-25
d_29,1404,2011-02-26
d_30,1622,2011-02-27
d_31,1110,2011-02-28
d_32,1147,2011-03-01
d_33,1033,2011-03-02
d_34,1056,2011-03-03
d_35,1207,2011-03-04
d_36,1591,2011-03-05
d_37,1686,2011-03-06
d_38,1368,2011-03-07
d_39,1081,2011-03-08
d_40,1070,2011-03-09
d_41,902,2011-03-10
d_42,1141,2011-03-11
d_43,1517,2011-03-12
d_44,1513,2011-03-13
d_45,1174,2011-03-14
d_46,1213,2011-03-15
d_47,1063,2011-03-16
d_48,1131,2011-03-17
d_49,1152,2011-03-18
d_50,1313,2011-03-19
d_51,1518,2011-03-20
d_52,1121,2011-03-21
d_53,1074,2011-03-22
d_54,1173,2011-03-23
d_55,966,2011-03-24
d_56,973,2011-03-25
d_57,1379,2011-03-26
d_58,1602,2011-03-27
d_59,1017,2011-03-28
d_60,885,2011-03-29
d_61,857,2011-03-30
d_62,976,2011-03-31
d_63,1222,2011-04-01
d_64,1495,2011-04-02
d_65,1603,2011-04-03
d_66,1091,2011-04-04
d_67,1060,2011-04-05
d_68,1066,2011-04-06
d_69,1143,2011-04-07
d_70,1210,2011-04-08
d_71,1526,2011-04-09
d_72,1413,2011-04-10
d_73,1252,2011-04-11
d_74,1208,2011-04-12
d_75,1197,2011-04-13
d_76,988,2011-04-14
d_77,1289,2011-04-15
d_78,1512,2011-04-16
d_79,1523,2011-04-17
d_80,1135,2011-04-18
d_81,993,2011-04-19
d_82,1029,2011-04-20
d_83,907,2011-04-21
d_84,1375,2011-04-22
d_85,1724,2011-04-23
d_86,1262,2011-04-24
d_87,947,2011-04-25
d_88,848,2011-04-26
d_89,775,2011-04-27
d_90,877,2011-04-28
d_91,907,2011-04-29
d_92,1150,2011-04-30
d_93,1387,2011-05-01
d_94,853,2011-05-02
d_95,1036,2011-05-03
d_96,807,2011-05-04
d_97,970,2011-05-05
d_98,1172,2011-05-06
d_99,1440,2011-05-07
d_100,1234,2011-05-08
d_101,1152,2011-05-09
d_102,988,2011-05-10
d_103,1102,2011-05-11
d_104,989,2011-05-12
d_105,1380,2011-05-13
d_106,1307,2011-05-14
d_107,1663,2011-05-15
d_108,1089,2011-05-16
d_109,951,2011-05-17
d_110,861,2011-05-18
d_111,858,2011-05-19
d_112,1020,2011-05-20
d_113,1404,2011-05-21
d_114,1440,2011-05-22
d_115,1035,2011-05-23
d_116,1085,2011-05-24
d_117,988,2011-05-25
d_118,1157,2011-05-26
d_119,1093,2011-05-27
d_120,1567,2011-05-28
d_121,1307,2011-05-29
d_122,1329,2011-05-30
d_123,1054,2011-05-31
d_124,1275,2011-06-01
d_125,1127,2011-06-02
d_126,1461,2011-06-03
d_127,1492,2011-06-04
d_128,1612,2011-06-05
d_129,1613,2011-06-06
d_130,1414,2011-06-07
d_131,1310,2011-06-08
d_132,1365,2011-06-09
d_133,1285,2011-06-10
d_134,1788,2011-06-11
d_135,1910,2011-06-12
d_136,1472,2011-06-13
d_137,1338,2011-06-14
d_138,1450,2011-06-15
d_139,1260,2011-06-16
d_140,1471,2011-06-17
d_141,1754,2011-06-18
d_142,1655,2011-06-19
d_143,1228,2011-06-20
d_144,1168,2011-06-21
d_145,1018,2011-06-22
d_146,1165,2011-06-23
d_147,1333,2011-06-24
d_148,1524,2011-06-25
d_149,1689,2011-06-26
d_150,1302,2011-06-27
d_151,1295,2011-06-28
d_152,1083,2011-06-29
d_153,1108,2011-06-30
d_154,1672,2011-07-01
d_155,1848,2011-07-02
d_156,1966,2011-07-03
d_157,1646,2011-07-04
d_158,1540,2011-07-05
d_159,1159,2011-07-06
d_160,1500,2011-07-07
d_161,1479,2011-07-08
d_162,1751,2011-07-09
d_163,1935,2011-07-10
d_164,1657,2011-07-11
d_165,1451,2011-07-12
d_166,1448,2011-07-13
d_167,1308,2011-07-14
d_168,1551,2011-07-15
d_169,1699,2011-07-16
d_170,1948,2011-07-17
d_171,1494,2011-07-18
d_172,1052,2011-07-19
d_173,1170,2011-07-20
d_174,1307,2011-07-21
d_175,1332,2011-07-22
d_176,1619,2011-07-23
d_177,1820,2011-07-24
d_178,1420,2011-07-25
d_179,1215,2011-07-26
d_180,1233,2011-07-27
d_181,1245,2011-07-28
d_182,1211,2011-07-29
d_183,1593,2011-07-30
d_184,1892,2011-07-31
d_185,1605,2011-08-01
d_186,1413,2011-08-02
d_187,1544,2011-08-03
d_188,1516,2011-08-04
d_189,1577,2011-08-05
d_190,1916,2011-08-06
d_191,2148,2011-08-07
d_192,1502,2011-08-08
d_193,1415,2011-08-09
d_194,1242,2011-08-10
d_195,1416,2011-08-11
d_196,1671,2011-08-12
d_197,2221,2011-08-13
d_198,2331,2011-08-14
d_199,1926,2011-08-15
d_200,1486,2011-08-16
d_201,1403,2011-08-17
d_202,1508,2011-08-18
d_203,1758,2011-08-19
d_204,2147,2011-08-20
d_205,2533,2011-08-21
d_206,1654,2011-08-22
d_207,1482,2011-08-23
d_208,1188,2011-08-24
d_209,1064,2011-08-25
d_210,1331,2011-08-26
d_211,1734,2011-08-27
d_212,2184,2011-08-28
d_213,1419,2011-08-29
d_214,1175,2011-08-30
d_215,1120,2011-08-31
d_216,1458,2011-09-01
d_217,1525,2011-09-02
d_218,1996,2011-09-03
d_219,1681,2011-09-04
d_220,1779,2011-09-05
d_221,1519,2011-09-06
d_222,1658,2011-09-07
d_223,1214,2011-09-08
d_224,1420,2011-09-09
d_225,1746,2011-09-10
d_226,2170,2011-09-11
d_227,1667,2011-09-12
d_228,1517,2011-09-13
d_229,1395,2011-09-14
d_230,1559,2011-09-15
d_231,1545,2011-09-16
d_232,1879,2011-09-17
d_233,1925,2011-09-18
d_234,1460,2011-09-19
d_235,1189,2011-09-20
d_236,1124,2011-09-21
d_237,1112,2011-09-22
d_238,1584,2011-09-23
d_239,1880,2011-09-24
d_240,2237,2011-09-25
d_241,1432,2011-09-26
d_242,1305,2011-09-27
d_243,1193,2011-09-28
d_244,1230,2011-09-29
d_245,1601,2011-09-30
d_246,2046,2011-10-01
d_247,1956,2011-10-02
d_248,1629,2011-10-03
d_249,1445,2011-10-04
d_250,1414,2011-10-05
d_251,1504,2011-10-06
d_252,1692,2011-10-07
d_253,1581,2011-10-08
d_254,1970,2011-10-09
d_255,1874,2011-10-10
d_256,1625,2011-10-11
d_257,1778,2011-10-12
d_258,1637,2011-10-13
d_259,1496,2011-10-14
d_260,1971,2011-10-15
d_261,2113,2011-10-16
d_262,1744,2011-10-17
d_263,1360,2011-10-18
d_264,1205,2011-10-19
d_265,1230,2011-10-20
d_266,1392,2011-10-21
d_267,1607,2011-10-22
d_268,1933,2011-10-23
d_269,1413,2011-10-24
d_270,1264,2011-10-25
d_271,1123,2011-10-26
d_272,1086,2011-10-27
d_273,1208,2011-10-28
d_274,1565,2011-10-29
d_275,1777,2011-10-30
d_276,1174,2011-10-31
d_277,1538,2011-11-01
d_278,1260,2011-11-02
d_279,1441,2011-11-03
d_280,1322,2011-11-04
d_281,1739,2011-11-05
d_282,2047,2011-11-06
d_283,1580,2011-11-07
d_284,1163,2011-11-08
d_285,1496,2011-11-09
d_286,1237,2011-11-10
d_287,1471,2011-11-11
d_288,1768,2011-11-12
d_289,2154,2011-11-13
d_290,1558,2011-11-14
d_291,1550,2011-11-15
d_292,1359,2011-11-16
d_293,1045,2011-11-17
d_294,1316,2011-11-18
d_295,1611,2011-11-19
d_296,1916,2011-11-20
d_297,1483,2011-11-21
d_298,1383,2011-11-22
d_299,2161,2011-11-23
d_300,1360,2011-11-24
d_301,1210,2011-11-25
d_302,1164,2011-11-26
d_303,1339,2011-11-27
d_304,1036,2011-11-28
d_305,1098,2011-11-29
d_306,993,2011-11-30
d_307,1394,2011-12-01
d_308,1335,2011-12-02
d_309,1753,2011-12-03
d_310,1736,2011-12-04
d_311,1451,2011-12-05
d_312,1331,2011-12-06
d_313,1209,2011-12-07
d_314,1065,2011-12-08
d_315,1312,2011-12-09
d_316,1569,2011-12-10
d_317,1899,2011-12-11
d_318,1588,2011-12-12
d_319,1453,2011-12-13
d_320,1525,2011-12-14
d_321,1685,2011-12-15
d_322,1383,2011-12-16
d_323,1528,2011-12-17
d_324,1657,2011-12-18
d_325,1424,2011-12-19
d_326,1251,2011-12-20
d_327,1390,2011-12-21
d_328,1454,2011-12-22
d_329,1786,2011-12-23
d_330,2109,2011-12-24
d_331,2,2011-12-25
d_332,1468,2011-12-26
d_333,1161,2011-12-27
d_334,1147,2011-12-28
d_335,1123,2011-12-29
d_336,1598,2011-12-30
d_337,2121,2011-12-31
d_338,1153,2012-01-01
d_339,1435,2012-01-02
d_340,1320,2012-01-03
d_341,1364,2012-01-04
d_342,1456,2012-01-05
d_343,1446,2012-01-06
d_344,1827,2012-01-07
d_345,1746,2012-01-08
d_346,1214,2012-01-09
d_347,1132,2012-01-10
d_348,1424,2012-01-11
d_349,1402,2012-01-12
d_350,1389,2012-01-13
d_351,1645,2012-01-14
d_352,2065,2012-01-15
d_353,1382,2012-01-16
d_354,1163,2012-01-17
d_355,1263,2012-01-18
d_356,1107,2012-01-19
d_357,1383,2012-01-20
d_358,1568,2012-01-21
d_359,1642,2012-01-22
d_360,1174,2012-01-23
d_361,1035,2012-01-24
d_362,892,2012-01-25
d_363,1052,2012-01-26
d_364,1187,2012-01-27
d_365,1519,2012-01-28
d_366,1639,2012-01-29
d_367,1111,2012-01-30
d_368,1180,2012-01-31
d_369,1429,2012-02-01
d_370,1246,2012-02-02
d_371,1547,2012-02-03
d_372,1986,2012-02-04
d_373,2221,2012-02-05
d_374,1544,2012-02-06
d_375,1356,2012-02-07
d_376,1246,2012-02-08
d_377,1308,2012-02-09
d_378,1312,2012-02-10
d_379,1735,2012-02-11
d_380,2037,2012-02-12
d_381,1665,2012-02-13
d_382,1295,2012-02-14
d_383,1255,2012-02-15
d_384,1293,2012-02-16
d_385,1224,2012-02-17
d_386,1608,2012-02-18
d_387,1755,2012-02-19
d_388,1399,2012-02-20
d_389,1116,2012-02-21
d_390,1014,2012-02-22
d_391,993,2012-02-23
d_392,1095,2012-02-24
d_393,1465,2012-02-25
d_394,1905,2012-02-26
d_395,1431,2012-02-27
d_396,1187,2012-02-28
d_397,1130,2012-02-29
d_398,1484,2012-03-01
d_399,1571,2012-03-02
d_400,1794,2012-03-03
d_401,1845,2012-03-04
d_402,1630,2012-03-05
d_403,1721,2012-03-06
d_404,1505,2012-03-07
d_405,1284,2012-03-08
d_406,1212,2012-03-09
d_407,1789,2012-03-10
d_408,1965,2012-03-11
d_409,1736,2012-03-12
d_410,1711,2012-03-13
d_411,1536,2012-03-14
d_412,1634,2012-03-15
d_413,1599,2012-03-16
d_414,1887,2012-03-17
d_415,1917,2012-03-18
d_416,1701,2012-03-19
d_417,1132,2012-03-20
d_418,1291,2012-03-21
d_419,1357,2012-03-22
d_420,1462,2012-03-23
d_421,2002,2012-03-24
d_422,2116,2012-03-25
d_423,1464,2012-03-26
d_424,1423,2012-03-27
d_425,1219,2012-03-28
d_426,1234,2012-03-29
d_427,1526,2012-03-30
d_428,1751,2012-03-31
d_429,2185,2012-04-01
d_430,1392,2012-04-02
d_431,1757,2012-04-03
d_432,1451,2012-04-04
d_433,1788,2012-04-05
d_434,1925,2012-04-06
d_435,2649,2012-04-07
d_436,2042,2012-04-08
d_437,1609,2012-04-09
d_438,1390,2012-04-10
d_439,1561,2012-04-11
d_440,1599,2012-04-12
d_441,1640,2012-04-13
d_442,1887,2012-04-14
d_443,2248,2012-04-15
d_444,1281,2012-04-16
d_445,1378,2012-04-17
d_446,1156,2012-04-18
d_447,1239,2012-04-19
d_448,1249,2012-04-20
d_449,1613,2012-04-21
d_450,1966,2012-04-22
d_451,1574,2012-04-23
d_452,1182,2012-04-24
d_453,1314,2012-04-25
d_454,1301,2012-04-26
d_455,1356,2012-04-27
d_456,1515,2012-04-28
d_457,1729,2012-04-29
d_458,1353,2012-04-30
d_459,1566,2012-05-01
d_460,1471,2012-05-02
d_461,1458,2012-05-03
d_462,1601,2012-05-04
d_463,2113,2012-05-05
d_464,2107,2012-05-06
d_465,2030,2012-05-07
d_466,1457,2012-05-08
d_467,1594,2012-05-09
d_468,1366,2012-05-10
d_469,1545,2012-05-11
d_470,2191,2012-05-12
d_471,2013,2012-05-13
d_472,1651,2012-05-14
d_473,1665,2012-05-15
d_474,1606,2012-05-16
d_475,1620,2012-05-17
d_476,1834,2012-05-18
d_477,1973,2012-05-19
d_478,2210,2012-05-20
d_479,1594,2012-05-21
d_480,1853,2012-05-22
d_481,1544,2012-05-23
d_482,1586,2012-05-24
d_483,1889,2012-05-25
d_484,2115,2012-05-26
d_485,1944,2012-05-27
d_486,1908,2012-05-28
d_487,1744,2012-05-29
d_488,1549,2012-05-30
d_489,1351,2012-05-31
d_490,1919,2012-06-01
d_491,1988,2012-06-02
d_492,2432,2012-06-03
d_493,1764,2012-06-04
d_494,1733,2012-06-05
d_495,1709,2012-06-06
d_496,1763,2012-06-07
d_497,1581,2012-06-08
d_498,2279,2012-06-09
d_499,2541,2012-06-10
d_500,1999,2012-06-11
d_501,1468,2012-06-12
d_502,1782,2012-06-13
d_503,1775,2012-06-14
d_504,2116,2012-06-15
d_505,2284,2012-06-16
d_506,2297,2012-06-17
d_507,1671,2012-06-18
d_508,1300,2012-06-19
d_509,1402,2012-06-20
d_510,1452,2012-06-21
d_511,1792,2012-06-22
d_512,2194,2012-06-23
d_513,2330,2012-06-24
d_514,1888,2012-06-25
d_515,1779,2012-06-26
d_516,1517,2012-06-27
d_517,1451,2012-06-28
d_518,1682,2012-06-29
d_519,1786,2012-06-30
d_520,1793,2012-07-01
d_521,1508,2012-07-02
d_522,1897,2012-07-03
d_523,1679,2012-07-04
d_524,1570,2012-07-05
d_525,1911,2012-07-06
d_526,2140,2012-07-07
d_527,1968,2012-07-08
d_528,1455,2012-07-09
d_529,1442,2012-07-10
d_530,1360,2012-07-11
d_531,1496,2012-07-12
d_532,1827,2012-07-13
d_533,1727,2012-07-14
d_534,2085,2012-07-15
d_535,1478,2012-07-16
d_536,1315,2012-07-17
d_537,1340,2012-07-18
d_538,1385,2012-07-19
d_539,1764,2012-07-20
d_540,2053,2012-07-21
d_541,2120,2012-07-22
d_542,1490,2012-07-23
d_543,1462,2012-07-24
d_544,1325,2012-07-25
d_545,1345,2012-07-26
d_546,1583,2012-07-27
d_547,1873,2012-07-28
d_548,2183,2012-07-29
d_549,1556,2012-07-30
d_550,1405,2012-07-31
d_551,1753,2012-08-01
d_552,1786,2012-08-02
d_553,2042,2012-08-03
d_554,2376,2012-08-04
d_555,2159,2012-08-05
d_556,1919,2012-08-06
d_557,1867,2012-08-07
d_558,1574,2012-08-08
d_559,1872,2012-08-09
d_560,1674,2012-08-10
d_561,2375,2012-08-11
d_562,2421,2012-08-12
d_563,1984,2012-08-13
d_564,1723,2012-08-14
d_565,1713,2012-08-15
d_566,1638,2012-08-16
d_567,1795,2012-08-17
d_568,1984,2012-08-18
d_569,2338,2012-08-19
d_570,1569,2012-08-20
d_571,1257,2012-08-21
d_572,1271,2012-08-22
d_573,1306,2012-08-23
d_574,1497,2012-08-24
d_575,1934,2012-08-25
d_576,2431,2012-08-26
d_577,1695,2012-08-27
d_578,1485,2012-08-28
d_579,1225,2012-08-29
d_580,1428,2012-08-30
d_581,1659,2012-08-31
d_582,2089,2012-09-01
d_583,2038,2012-09-02
d_584,2375,2012-09-03
d_585,1387,2012-09-04
d_586,1358,2012-09-05
d_587,1454,2012-09-06
d_588,1860,2012-09-07
d_589,1732,2012-09-08
d_590,2332,2012-09-09
d_591,1502,2012-09-10
d_592,1407,2012-09-11
d_593,1433,2012-09-12
d_594,1284,2012-09-13
d_595,1508,2012-09-14
d_596,2099,2012-09-15
d_597,1985,2012-09-16
d_598,1469,2012-09-17
d_599,1154,2012-09-18
d_600,1350,2012-09-19
d_601,1327,2012-09-20
d_602,1413,2012-09-21
d_603,1980,2012-09-22
d_604,2055,2012-09-23
d_605,1566,2012-09-24
d_606,1289,2012-09-25
d_607,1362,2012-09-26
d_608,1413,2012-09-27
d_609,1524,2012-09-28
d_610,1751,2012-09-29
d_611,1744,2012-09-30
d_612,1758,2012-10-01
d_613,1440,2012-10-02
d_614,1624,2012-10-03
d_615,1441,2012-10-04
d_616,1725,2012-10-05
d_617,1937,2012-10-06
d_618,2119,2012-10-07
d_619,1590,2012-10-08
d_620,1773,2012-10-09
d_621,1370,2012-10-10
d_622,1538,2012-10-11
d_623,1825,2012-10-12
d_624,2180,2012-10-13
d_625,1940,2012-10-14
d_626,1690,2012-10-15
d_627,1395,2012-10-16
d_628,1393,2012-10-17
d_629,1213,2012-10-18
d_630,1375,2012-10-19
d_631,1686,2012-10-20
d_632,2011,2012-10-21
d_633,1361,2012-10-22
d_634,1300,2012-10-23
d_635,1077,2012-10-24
d_636,1106,2012-10-25
d_637,1116,2012-10-26
d_638,1423,2012-10-27
d_639,1607,2012-10-28
d_640,1180,2012-10-29
d_641,1155,2012-10-30
d_642,1147,2012-10-31
d_643,1338,2012-11-01
d_644,1416,2012-11-02
d_645,1776,2012-11-03
d_646,1906,2012-11-04
d_647,1580,2012-11-05
d_648,1206,2012-11-06
d_649,1419,2012-11-07
d_650,1362,2012-11-08
d_651,1477,2012-11-09
d_652,1672,2012-11-10
d_653,1926,2012-11-11
d_654,1488,2012-11-12
d_655,1226,2012-11-13
d_656,1121,2012-11-14
d_657,1263,2012-11-15
d_658,1123,2012-11-16
d_659,1551,2012-11-17
d_660,1585,2012-11-18
d_661,1450,2012-11-19
d_662,1488,2012-11-20
d_663,2049,2012-11-21
d_664,1365,2012-11-22
d_665,979,2012-11-23
d_666,1206,2012-11-24
d_667,1354,2012-11-25
d_668,1138,2012-11-26
d_669,999,2012-11-27
d_670,967,2012-11-28
d_671,962,2012-11-29
d_672,1159,2012-11-30
d_673,1822,2012-12-01
d_674,1684,2012-12-02
d_675,1406,2012-12-03
d_676,1096,2012-12-04
d_677,1316,2012-12-05
d_678,1185,2012-12-06
d_679,1433,2012-12-07
d_680,1730,2012-12-08
d_681,1762,2012-12-09
d_682,1215,2012-12-10
d_683,1189,2012-12-11
d_684,1308,2012-12-12
d_685,1318,2012-12-13
d_686,1306,2012-12-14
d_687,1814,2012-12-15
d_688,1658,2012-12-16
d_689,1376,2012-12-17
d_690,1481,2012-12-18
d_691,1408,2012-12-19
d_692,1433,2012-12-20
d_693,1436,2012-12-21
d_694,1628,2012-12-22
d_695,1765,2012-12-23
d_696,1902,2012-12-24
d_697,2,2012-12-25
d_698,1432,2012-12-26
d_699,1148,2012-12-27
d_700,1265,2012-12-28
d_701,1575,2012-12-29
d_702,1635,2012-12-30
d_703,1887,2012-12-31
d_704,1327,2013-01-01
d_705,1092,2013-01-02
d_706,1417,2013-01-03
d_707,1237,2013-01-04
d_708,1627,2013-01-05
d_709,1888,2013-01-06
d_710,1636,2013-01-07
d_711,1271,2013-01-08
d_712,1213,2013-01-09
d_713,1163,2013-01-10
d_714,1484,2013-01-11
d_715,1897,2013-01-12
d_716,1956,2013-01-13
d_717,1392,2013-01-14
d_718,1294,2013-01-15
d_719,1162,2013-01-16
d_720,1133,2013-01-17
d_721,1362,2013-01-18
d_722,1624,2013-01-19
d_723,1563,2013-01-20
d_724,1364,2013-01-21
d_725,1225,2013-01-22
d_726,1033,2013-01-23
d_727,1090,2013-01-24
d_728,1184,2013-01-25
d_729,1608,2013-01-26
d_730,1637,2013-01-27
d_731,1203,2013-01-28
d_732,985,2013-01-29
d_733,1097,2013-01-30
d_734,1107,2013-01-31
d_735,1371,2013-02-01
d_736,1799,2013-02-02
d_737,2037,2013-02-03
d_738,1360,2013-02-04
d_739,1251,2013-02-05
d_740,1208,2013-02-06
d_741,1349,2013-02-07
d_742,1410,2013-02-08
d_743,1724,2013-02-09
d_744,1749,2013-02-10
d_745,1240,2013-02-11
d_746,1454,2013-02-12
d_747,1536,2013-02-13
d_748,1139,2013-02-14
d_749,1466,2013-02-15
d_750,1692,2013-02-16
d_751,1947,2013-02-17
d_752,1472,2013-02-18
d_753,1224,2013-02-19
d_754,1083,2013-02-20
d_755,1220,2013-02-21
d_756,1151,2013-02-22
d_757,1522,2013-02-23
d_758,1705,2013-02-24
d_759,1313,2013-02-25
d_760,1204,2013-02-26
d_761,1034,2013-02-27
d_762,1057,2013-02-28
d_763,1483,2013-03-01
d_764,1540,2013-03-02
d_765,1852,2013-03-03
d_766,1217,2013-03-04
d_767,1387,2013-03-05
d_768,1272,2013-03-06
d_769,1381,2013-03-07
d_770,1295,2013-03-08
d_771,1666,2013-03-09
d_772,1564,2013-03-10
d_773,1484,2013-03-11
d_774,1331,2013-03-12
d_775,1456,2013-03-13
d_776,1468,2013-03-14
d_777,1577,2013-03-15
d_778,1540,2013-03-16
d_779,1806,2013-03-17
d_780,1503,2013-03-18
d_781,1124,2013-03-19
d_782,1227,2013-03-20
d_783,1341,2013-03-21
d_784,1213,2013-03-22
d_785,1392,2013-03-23
d_786,1578,2013-03-24
d_787,1219,2013-03-25
d_788,1043,2013-03-26
d_789,1145,2013-03-27
d_790,1163,2013-03-28
d_791,1782,2013-03-29
d_792,2222,2013-03-30
d_793,1701,2013-03-31
d_794,1443,2013-04-01
d_795,1205,2013-04-02
d_796,1316,2013-04-03
d_797,1103,2013-04-04
d_798,1457,2013-04-05
d_799,1737,2013-04-06
d_800,1908,2013-04-07
d_801,1475,2013-04-08
d_802,1419,2013-04-09
d_803,1211,2013-04-10
d_804,1241,2013-04-11
d_805,1461,2013-04-12
d_806,1655,2013-04-13
d_807,1759,2013-04-14
d_808,1737,2013-04-15
d_809,1320,2013-04-16
d_810,1109,2013-04-17
d_811,1171,2013-04-18
d_812,1333,2013-04-19
d_813,1479,2013-04-20
d_814,1491,2013-04-21
d_815,1178,2013-04-22
d_816,1134,2013-04-23
d_817,1035,2013-04-24
d_818,1049,2013-04-25
d_819,1263,2013-04-26
d_820,1190,2013-04-27
d_821,1592,2013-04-28
d_822,1129,2013-04-29
d_823,1279,2013-04-30
d_824,1419,2013-05-01
d_825,1022,2013-05-02
d_826,1356,2013-05-03
d_827,1525,2013-05-04
d_828,1616,2013-05-05
d_829,1403,2013-05-06
d_830,1457,2013-05-07
d_831,1211,2013-05-08
d_832,1271,2013-05-09
d_833,1206,2013-05-10
d_834,1767,2013-05-11
d_835,1568,2013-05-12
d_836,1518,2013-05-13
d_837,1341,2013-05-14
d_838,1364,2013-05-15
d_839,1172,2013-05-16
d_840,1374,2013-05-17
d_841,1580,2013-05-18
d_842,1950,2013-05-19
d_843,1500,2013-05-20
d_844,1341,2013-05-21
d_845,1338,2013-05-22
d_846,1444,2013-05-23
d_847,1500,2013-05-24
d_848,1690,2013-05-25
d_849,1865,2013-05-26
d_850,1686,2013-05-27
d_851,1286,2013-05-28
d_852,1034,2013-05-29
d_853,1108,2013-05-30
d_854,1308,2013-05-31
d_855,1953,2013-06-01
d_856,1772,2013-06-02
d_857,1700,2013-06-03
d_858,1415,2013-06-04
d_859,1493,2013-06-05
d_860,1497,2013-06-06
d_861,1554,2013-06-07
d_862,1609,2013-06-08
d_863,2030,2013-06-09
d_864,1438,2013-06-10
d_865,1294,2013-06-11
d_866,1420,2013-06-12
d_867,1574,2013-06-13
d_868,1609,2013-06-14
d_869,1952,2013-06-15
d_870,2036,2013-06-16
d_871,1598,2013-06-17
d_872,1301,2013-06-18
d_873,1329,2013-06-19
d_874,1367,2013-06-20
d_875,1657,2013-06-21
d_876,1989,2013-06-22
d_877,2333,2013-06-23
d_878,1619,2013-06-24
d_879,1489,2013-06-25
d_880,1485,2013-06-26
d_881,1369,2013-06-27
d_882,1632,2013-06-28
d_883,2041,2013-06-29
d_884,2122,2013-06-30
d_885,1882,2013-07-01
d_886,1423,2013-07-02
d_887,1834,2013-07-03
d_888,1745,2013-07-04
d_889,1726,2013-07-05
d_890,2025,2013-07-06
d_891,2147,2013-07-07
d_892,1388,2013-07-08
d_893,1509,2013-07-09
d_894,1236,2013-07-10
d_895,1685,2013-07-11
d_896,1762,2013-07-12
d_897,2195,2013-07-13
d_898,1919,2013-07-14
d_899,1728,2013-07-15
d_900,1332,2013-07-16
d_901,1329,2013-07-17
d_902,1635,2013-07-18
d_903,1446,2013-07-19
d_904,1644,2013-07-20
d_905,1948,2013-07-21
d_906,1511,2013-07-22
d_907,1614,2013-07-23
d_908,1403,2013-07-24
d_909,1519,2013-07-25
d_910,1800,2013-07-26
d_911,2163,2013-07-27
d_912,1909,2013-07-28
d_913,1564,2013-07-29
d_914,1469,2013-07-30
d_915,1339,2013-07-31
d_916,1878,2013-08-01
d_917,1903,2013-08-02
d_918,2052,2013-08-03
d_919,1993,2013-08-04
d_920,1951,2013-08-05
d_921,1839,2013-08-06
d_922,1812,2013-08-07
d_923,1702,2013-08-08
d_924,1977,2013-08-09
d_925,1973,2013-08-10
d_926,2446,2013-08-11
d_927,1900,2013-08-12
d_928,2386,2013-08-13
d_929,1350,2013-08-14
d_930,1827,2013-08-15
d_931,1622,2013-08-16
d_932,2003,2013-08-17
d_933,2120,2013-08-18
d_934,1712,2013-08-19
d_935,1321,2013-08-20
d_936,1477,2013-08-21
d_937,1518,2013-08-22
d_938,2021,2013-08-23
d_939,2327,2013-08-24
d_940,2453,2013-08-25
d_941,1630,2013-08-26
d_942,1570,2013-08-27
d_943,1507,2013-08-28
d_944,1437,2013-08-29
d_945,1719,2013-08-30
d_946,2360,2013-08-31
d_947,2570,2013-09-01
d_948,2347,2013-09-02
d_949,1893,2013-09-03
d_950,1397,2013-09-04
d_951,1876,2013-09-05
d_952,1670,2013-09-06
d_953,2405,2013-09-07
d_954,2506,2013-09-08
d_955,1965,2013-09-09
d_956,1486,2013-09-10
d_957,1653,2013-09-11
d_958,1526,2013-09-12
d_959,2135,2013-09-13
d_960,2231,2013-09-14
d_961,2347,2013-09-15
d_962,1910,2013-09-16
d_963,1458,2013-09-17
d_964,1517,2013-09-18
d_965,1319,2013-09-19
d_966,1300,2013-09-20
d_967,2052,2013-09-21
d_968,1964,2013-09-22
d_969,1356,2013-09-23
d_970,1417,2013-09-24
d_971,1436,2013-09-25
d_972,1180,2013-09-26
d_973,1429,2013-09-27
d_974,1898,2013-09-28
d_975,1950,2013-09-29
d_976,1460,2013-09-30
d_977,1606,2013-10-01
d_978,1450,2013-10-02
d_979,1686,2013-10-03
d_980,1600,2013-10-04
d_981,2145,2013-10-05
d_982,2303,2013-10-06
d_983,1885,2013-10-07
d_984,1432,2013-10-08
d_985,1496,2013-10-09
d_986,1260,2013-10-10
d_987,1581,2013-10-11
d_988,1847,2013-10-12
d_989,1971,2013-10-13
d_990,1671,2013-10-14
d_991,1679,2013-10-15
d_992,1123,2013-10-16
d_993,1076,2013-10-17
d_994,1283,2013-10-18
d_995,1725,2013-10-19
d_996,1754,2013-10-20
d_997,1399,2013-10-21
d_998,1213,2013-10-22
d_999,1162,2013-10-23
d_1000,1191,2013-10-24
d_1001,1322,2013-10-25
d_1002,1555,2013-10-26
d_1003,1646,2013-10-27
d_1004,1385,2013-10-28
d_1005,1150,2013-10-29
d_1006,1147,2013-10-30
d_1007,1098,2013-10-31
d_1008,1574,2013-11-01
d_1009,1769,2013-11-02
d_1010,1905,2013-11-03
d_1011,1387,2013-11-04
d_1012,1495,2013-11-05
d_1013,1490,2013-11-06
d_1014,1321,2013-11-07
d_1015,1464,2013-11-08
d_1016,1793,2013-11-09
d_1017,1679,2013-11-10
d_1018,1765,2013-11-11
d_1019,1515,2013-11-12
d_1020,1285,2013-11-13
d_1021,1140,2013-11-14
d_1022,1721,2013-11-15
d_1023,2098,2013-11-16
d_1024,1908,2013-11-17
d_1025,1439,2013-11-18
d_1026,1223,2013-11-19
d_1027,1094,2013-11-20
d_1028,1123,2013-11-21
d_1029,1170,2013-11-22
d_1030,1412,2013-11-23
d_1031,1535,2013-11-24
d_1032,1140,2013-11-25
d_1033,1338,2013-11-26
d_1034,1853,2013-11-27
d_1035,1029,2013-11-28
d_1036,932,2013-11-29
d_1037,925,2013-11-30
d_1038,1341,2013-12-01
d_1039,1840,2013-12-02
d_1040,1657,2013-12-03
d_1041,1287,2013-12-04
d_1042,1507,2013-12-05
d_1043,1478,2013-12-06
d_1044,2101,2013-12-07
d_1045,1622,2013-12-08
d_1046,1368,2013-12-09
d_1047,1203,2013-12-10
d_1048,1295,2013-12-11
d_1049,1276,2013-12-12
d_1050,1363,2013-12-13
d_1051,1540,2013-12-14
d_1052,1611,2013-12-15
d_1053,1372,2013-12-16
d_1054,1204,2013-12-17
d_1055,1425,2013-12-18
d_1056,1535,2013-12-19
d_1057,1360,2013-12-20
d_1058,1358,2013-12-21
d_1059,1384,2013-12-22
d_1060,1358,2013-12-23
d_1061,1511,2013-12-24
d_1062,1,2013-12-25
d_1063,1375,2013-12-26
d_1064,1560,2013-12-27
d_1065,1242,2013-12-28
d_1066,1407,2013-12-29
d_1067,1462,2013-12-30
d_1068,1887,2013-12-31
d_1069,929,2014-01-01
d_1070,1161,2014-01-02
d_1071,1523,2014-01-03
d_1072,1647,2014-01-04
d_1073,1732,2014-01-05
d_1074,1527,2014-01-06
d_1075,1466,2014-01-07
d_1076,1441,2014-01-08
d_1077,1423,2014-01-09
d_1078,1055,2014-01-10
d_1079,1922,2014-01-11
d_1080,1972,2014-01-12
d_1081,1621,2014-01-13
d_1082,1351,2014-01-14
d_1083,1340,2014-01-15
d_1084,1340,2014-01-16
d_1085,1340,2014-01-17
d_1086,1511,2014-01-18
d_1087,1615,2014-01-19
d_1088,1394,2014-01-20
d_1089,1157,2014-01-21
d_1090,1257,2014-01-22
d_1091,1143,2014-01-23
d_1092,1285,2014-01-24
d_1093,1722,2014-01-25
d_1094,1821,2014-01-26
d_1095,1704,2014-01-27
d_1096,843,2014-01-28
d_1097,1068,2014-01-29
d_1098,1073,2014-01-30
d_1099,1556,2014-01-31
d_1100,2158,2014-02-01
d_1101,2029,2014-02-02
d_1102,1656,2014-02-03
d_1103,1347,2014-02-04
d_1104,1455,2014-02-05
d_1105,1258,2014-02-06
d_1106,1258,2014-02-07
d_1107,1586,2014-02-08
d_1108,1831,2014-02-09
d_1109,1172,2014-02-10
d_1110,1303,2014-02-11
d_1111,1450,2014-02-12
d_1112,1623,2014-02-13
d_1113,1323,2014-02-14
d_1114,1924,2014-02-15
d_1115,1848,2014-02-16
d_1116,1593,2014-02-17
d_1117,1228,2014-02-18
d_1118,1323,2014-02-19
d_1119,1226,2014-02-20
d_1120,1257,2014-02-21
d_1121,1566,2014-02-22
d_1122,1893,2014-02-23
d_1123,1387,2014-02-24
d_1124,1232,2014-02-25
d_1125,1103,2014-02-26
d_1126,1359,2014-02-27
d_1127,1380,2014-02-28
d_1128,1775,2014-03-01
d_1129,1772,2014-03-02
d_1130,1586,2014-03-03
d_1131,1143,2014-03-04
d_1132,1314,2014-03-05
d_1133,1490,2014-03-06
d_1134,1519,2014-03-07
d_1135,1707,2014-03-08
d_1136,2239,2014-03-09
d_1137,1995,2014-03-10
d_1138,1727,2014-03-11
d_1139,1805,2014-03-12
d_1140,1849,2014-03-13
d_1141,1714,2014-03-14
d_1142,1891,2014-03-15
d_1143,2078,2014-03-16
d_1144,1575,2014-03-17
d_1145,1400,2014-03-18
d_1146,1508,2014-03-19
d_1147,1359,2014-03-20
d_1148,1637,2014-03-21
d_1149,1767,2014-03-22
d_1150,1934,2014-03-23
d_1151,1563,2014-03-24
d_1152,1394,2014-03-25
d_1153,1395,2014-03-26
d_1154,1172,2014-03-27
d_1155,1298,2014-03-28
d_1156,1745,2014-03-29
d_1157,1758,2014-03-30
d_1158,1633,2014-03-31
d_1159,1816,2014-04-01
d_1160,1418,2014-04-02
d_1161,1625,2014-04-03
d_1162,1499,2014-04-04
d_1163,1944,2014-04-05
d_1164,2086,2014-04-06
d_1165,1777,2014-04-07
d_1166,1372,2014-04-08
d_1167,1635,2014-04-09
d_1168,1510,2014-04-10
d_1169,1903,2014-04-11
d_1170,2136,2014-04-12
d_1171,2397,2014-04-13
d_1172,1617,2014-04-14
d_1173,1982,2014-04-15
d_1174,1616,2014-04-16
d_1175,1599,2014-04-17
d_1176,1907,2014-04-18
d_1177,2373,2014-04-19
d_1178,2012,2014-04-20
d_1179,1649,2014-04-21
d_1180,1439,2014-04-22
d_1181,1477,2014-04-23
d_1182,1536,2014-04-24
d_1183,1884,2014-04-25
d_1184,1985,2014-04-26
d_1185,2204,2014-04-27
d_1186,1816,2014-04-28
d_1187,1510,2014-04-29
d_1188,1493,2014-04-30
d_1189,1641,2014-05-01
d_1190,1607,2014-05-02
d_1191,2422,2014-05-03
d_1192,2119,2014-05-04
d_1193,1736,2014-05-05
d_1194,1666,2014-05-06
d_1195,1496,2014-05-07
d_1196,1359,2014-05-08
d_1197,1714,2014-05-09
d_1198,2153,2014-05-10
d_1199,2102,2014-05-11
d_1200,2062,2014-05-12
d_1201,1464,2014-05-13
d_1202,1349,2014-05-14
d_1203,1650,2014-05-15
d_1204,1565,2014-05-16
d_1205,1725,2014-05-17
d_1206,2070,2014-05-18
d_1207,1658,2014-05-19
d_1208,1489,2014-05-20
d_1209,1359,2014-05-21
d_1210,1502,2014-05-22
d_1211,1544,2014-05-23
d_1212,1711,2014-05-24
d_1213,1845,2014-05-25
d_1214,1462,2014-05-26
d_1215,1200,2014-05-27
d_1216,1377,2014-05-28
d_1217,1281,2014-05-29
d_1218,1391,2014-05-30
d_1219,1738,2014-05-31
d_1220,2305,2014-06-01
d_1221,1684,2014-06-02
d_1222,1721,2014-06-03
d_1223,1474,2014-06-04
d_1224,1730,2014-06-05
d_1225,1891,2014-06-06
d_1226,2348,2014-06-07
d_1227,2396,2014-06-08
d_1228,1722,2014-06-09
d_1229,1513,2014-06-10
d_1230,1839,2014-06-11
d_1231,1718,2014-06-12
d_1232,2242,2014-06-13
d_1233,2297,2014-06-14
d_1234,2496,2014-06-15
d_1235,1896,2014-06-16
d_1236,1768,2014-06-17
d_1237,1449,2014-06-18
d_1238,1602,2014-06-19
d_1239,1632,2014-06-20
d_1240,2151,2014-06-21
d_1241,2033,2014-06-22
d_1242,1601,2014-06-23
d_1243,1368,2014-06-24
d_1244,1401,2014-06-25
d_1245,1273,2014-06-26
d_1246,1683,2014-06-27
d_1247,1923,2014-06-28
d_1248,1947,2014-06-29
d_1249,1649,2014-06-30
d_1250,1816,2014-07-01
d_1251,1893,2014-07-02
d_1252,2242,2014-07-03
d_1253,2414,2014-07-04
d_1254,2051,2014-07-05
d_1255,2173,2014-07-06
d_1256,1922,2014-07-07
d_1257,1847,2014-07-08
d_1258,1916,2014-07-09
d_1259,1795,2014-07-10
d_1260,2278,2014-07-11
d_1261,2525,2014-07-12
d_1262,2337,2014-07-13
d_1263,1781,2014-07-14
d_1264,1644,2014-07-15
d_1265,1619,2014-07-16
d_1266,1395,2014-07-17
d_1267,1536,2014-07-18
d_1268,1836,2014-07-19
d_1269,2098,2014-07-20
d_1270,1755,2014-07-21
d_1271,1804,2014-07-22
d_1272,1594,2014-07-23
d_1273,1600,2014-07-24
d_1274,1636,2014-07-25
d_1275,1866,2014-07-26
d_1276,2245,2014-07-27
d_1277,1784,2014-07-28
d_1278,1376,2014-07-29
d_1279,1482,2014-07-30
d_1280,1482,2014-07-31
d_1281,2346,2014-08-01
d_1282,2056,2014-08-02
d_1283,2116,2014-08-03
d_1284,1789,2014-08-04
d_1285,1713,2014-08-05
d_1286,1482,2014-08-06
d_1287,1944,2014-08-07
d_1288,1620,2014-08-08
d_1289,1865,2014-08-09
d_1290,1750,2014-08-10
d_1291,1973,2014-08-11
d_1292,1814,2014-08-12
d_1293,1740,2014-08-13
d_1294,1659,2014-08-14
d_1295,2058,2014-08-15
d_1296,2201,2014-08-16
d_1297,2396,2014-08-17
d_1298,1939,2014-08-18
d_1299,1682,2014-08-19
d_1300,1417,2014-08-20
d_1301,1685,2014-08-21
d_1302,2210,2014-08-22
d_1303,2450,2014-08-23
d_1304,2918,2014-08-24
d_1305,2169,2014-08-25
d_1306,1735,2014-08-26
d_1307,1548,2014-08-27
d_1308,1475,2014-08-28
d_1309,1590,2014-08-29
d_1310,2017,2014-08-30
d_1311,1675,2014-08-31
d_1312,1977,2014-09-01
d_1313,1525,2014-09-02
d_1314,1633,2014-09-03
d_1315,1370,2014-09-04
d_1316,1657,2014-09-05
d_1317,2081,2014-09-06
d_1318,2401,2014-09-07
d_1319,1947,2014-09-08
d_1320,1736,2014-09-09
d_1321,1496,2014-09-10
d_1322,1836,2014-09-11
d_1323,1567,2014-09-12
d_1324,2359,2014-09-13
d_1325,2073,2014-09-14
d_1326,1748,2014-09-15
d_1327,1606,2014-09-16
d_1328,1269,2014-09-17
d_1329,1183,2014-09-18
d_1330,1658,2014-09-19
d_1331,1861,2014-09-20
d_1332,2425,2014-09-21
d_1333,1711,2014-09-22
d_1334,1333,2014-09-23
d_1335,1540,2014-09-24
d_1336,1324,2014-09-25
d_1337,1491,2014-09-26
d_1338,1899,2014-09-27
d_1339,2159,2014-09-28
d_1340,1580,2014-09-29
d_1341,1220,2014-09-30
d_1342,1644,2014-10-01
d_1343,1591,2014-10-02
d_1344,1835,2014-10-03
d_1345,1948,2014-10-04
d_1346,2257,2014-10-05
d_1347,1707,2014-10-06
d_1348,1711,2014-10-07
d_1349,1370,2014-10-08
d_1350,1678,2014-10-09
d_1351,1545,2014-10-10
d_1352,1968,2014-10-11
d_1353,2100,2014-10-12
d_1354,1766,2014-10-13
d_1355,1505,2014-10-14
d_1356,1638,2014-10-15
d_1357,1275,2014-10-16
d_1358,1426,2014-10-17
d_1359,1863,2014-10-18
d_1360,1946,2014-10-19
d_1361,1513,2014-10-20
d_1362,1256,2014-10-21
d_1363,1343,2014-10-22
d_1364,1117,2014-10-23
d_1365,1308,2014-10-24
d_1366,1617,2014-10-25
d_1367,1810,2014-10-26
d_1368,1481,2014-10-27
d_1369,1391,2014-10-28
d_1370,1192,2014-10-29
d_1371,1407,2014-10-30
d_1372,1351,2014-10-31
d_1373,1777,2014-11-01
d_1374,1843,2014-11-02
d_1375,1682,2014-11-03
d_1376,1220,2014-11-04
d_1377,1347,2014-11-05
d_1378,1479,2014-11-06
d_1379,1484,2014-11-07
d_1380,1541,2014-11-08
d_1381,1977,2014-11-09
d_1382,1411,2014-11-10
d_1383,1331,2014-11-11
d_1384,1342,2014-11-12
d_1385,1067,2014-11-13
d_1386,1287,2014-11-14
d_1387,1743,2014-11-15
d_1388,1841,2014-11-16
d_1389,1415,2014-11-17
d_1390,1208,2014-11-18
d_1391,1200,2014-11-19
d_1392,1246,2014-11-20
d_1393,1151,2014-11-21
d_1394,1686,2014-11-22
d_1395,1819,2014-11-23
d_1396,1536,2014-11-24
d_1397,1446,2014-11-25
d_1398,1822,2014-11-26
d_1399,1306,2014-11-27
d_1400,1160,2014-11-28
d_1401,1391,2014-11-29
d_1402,1616,2014-11-30
d_1403,1422,2014-12-01
d_1404,1172,2014-12-02
d_1405,1263,2014-12-03
d_1406,883,2014-12-04
d_1407,1482,2014-12-05
d_1408,1650,2014-12-06
d_1409,1918,2014-12-07
d_1410,1375,2014-12-08
d_1411,1370,2014-12-09
d_1412,1209,2014-12-10
d_1413,1187,2014-12-11
d_1414,1238,2014-12-12
d_1415,1578,2014-12-13
d_1416,1754,2014-12-14
d_1417,1729,2014-12-15
d_1418,1273,2014-12-16
d_1419,1362,2014-12-17
d_1420,1628,2014-12-18
d_1421,1253,2014-12-19
d_1422,1494,2014-12-20
d_1423,1486,2014-12-21
d_1424,1423,2014-12-22
d_1425,1366,2014-12-23
d_1426,1410,2014-12-24
d_1427,4,2014-12-25
d_1428,1456,2014-12-26
d_1429,1275,2014-12-27
d_1430,1210,2014-12-28
d_1431,1257,2014-12-29
d_1432,1222,2014-12-30
d_1433,1415,2014-12-31
d_1434,1273,2015-01-01
d_1435,1427,2015-01-02
d_1436,1484,2015-01-03
d_1437,1795,2015-01-04
d_1438,1708,2015-01-05
d_1439,1671,2015-01-06
d_1440,1539,2015-01-07
d_1441,975,2015-01-08
d_1442,1359,2015-01-09
d_1443,1702,2015-01-10
d_1444,1812,2015-01-11
d_1445,1625,2015-01-12
d_1446,1403,2015-01-13
d_1447,1232,2015-01-14
d_1448,1362,2015-01-15
d_1449,1394,2015-01-16
d_1450,1827,2015-01-17
d_1451,1773,2015-01-18
d_1452,1568,2015-01-19
d_1453,1244,2015-01-20
d_1454,1220,2015-01-21
d_1455,876,2015-01-22
d_1456,1349,2015-01-23
d_1457,1522,2015-01-24
d_1458,1704,2015-01-25
d_1459,1389,2015-01-26
d_1460,1315,2015-01-27
d_1461,1312,2015-01-28
d_1462,1071,2015-01-29
d_1463,1420,2015-01-30
d_1464,1766,2015-01-31
d_1465,2271,2015-02-01
d_1466,1390,2015-02-02
d_1467,1448,2015-02-03
d_1468,1425,2015-02-04
d_1469,1473,2015-02-05
d_1470,1522,2015-02-06
d_1471,2035,2015-02-07
d_1472,2048,2015-02-08
d_1473,1913,2015-02-09
d_1474,1513,2015-02-10
d_1475,1804,2015-02-11
d_1476,1719,2015-02-12
d_1477,1726,2015-02-13
d_1478,1700,2015-02-14
d_1479,2011,2015-02-15
d_1480,1604,2015-02-16
d_1481,1292,2015-02-17
d_1482,1293,2015-02-18
d_1483,1239,2015-02-19
d_1484,1372,2015-02-20
d_1485,1688,2015-02-21
d_1486,1880,2015-02-22
d_1487,1425,2015-02-23
d_1488,1359,2015-02-24
d_1489,1265,2015-02-25
d_1490,1240,2015-02-26
d_1491,1221,2015-02-27
d_1492,1687,2015-02-28
d_1493,2052,2015-03-01
d_1494,1761,2015-03-02
d_1495,1695,2015-03-03
d_1496,1417,2015-03-04
d_1497,1403,2015-03-05
d_1498,1544,2015-03-06
d_1499,1821,2015-03-07
d_1500,1766,2015-03-08
d_1501,1625,2015-03-09
d_1502,1624,2015-03-10
d_1503,1354,2015-03-11
d_1504,1672,2015-03-12
d_1505,1612,2015-03-13
d_1506,1757,2015-03-14
d_1507,1990,2015-03-15
d_1508,1734,2015-03-16
d_1509,1515,2015-03-17
d_1510,1444,2015-03-18
d_1511,1334,2015-03-19
d_1512,1399,2015-03-20
d_1513,1639,2015-03-21
d_1514,1839,2015-03-22
d_1515,1437,2015-03-23
d_1516,1527,2015-03-24
d_1517,1369,2015-03-25
d_1518,1211,2015-03-26
d_1519,1366,2015-03-27
d_1520,1626,2015-03-28
d_1521,1899,2015-03-29
d_1522,1695,2015-03-30
d_1523,1507,2015-03-31
d_1524,1768,2015-04-01
d_1525,1520,2015-04-02
d_1526,2036,2015-04-03
d_1527,2072,2015-04-04
d_1528,1781,2015-04-05
d_1529,1720,2015-04-06
d_1530,1797,2015-04-07
d_1531,1556,2015-04-08
d_1532,1715,2015-04-09
d_1533,1504,2015-04-10
d_1534,1801,2015-04-11
d_1535,2116,2015-04-12
d_1536,1931,2015-04-13
d_1537,1336,2015-04-14
d_1538,1614,2015-04-15
d_1539,1421,2015-04-16
d_1540,1643,2015-04-17
d_1541,1899,2015-04-18
d_1542,1847,2015-04-19
d_1543,1663,2015-04-20
d_1544,1443,2015-04-21
d_1545,1423,2015-04-22
d_1546,1183,2015-04-23
d_1547,1630,2015-04-24
d_1548,1853,2015-04-25
d_1549,1950,2015-04-26
d_1550,1643,2015-04-27
d_1551,1455,2015-04-28
d_1552,1453,2015-04-29
d_1553,1537,2015-04-30
d_1554,2122,2015-05-01
d_1555,2214,2015-05-02
d_1556,2208,2015-05-03
d_1557,1766,2015-05-04
d_1558,1538,2015-05-05
d_1559,1648,2015-05-06
d_1560,1858,2015-05-07
d_1561,1408,2015-05-08
d_1562,2311,2015-05-09
d_1563,1989,2015-05-10
d_1564,1969,2015-05-11
d_1565,1723,2015-05-12
d_1566,1687,2015-05-13
d_1567,1621,2015-05-14
d_1568,1587,2015-05-15
d_1569,2006,2015-05-16
d_1570,1857,2015-05-17
d_1571,1807,2015-05-18
d_1572,1423,2015-05-19
d_1573,1378,2015-05-20
d_1574,1237,2015-05-21
d_1575,1467,2015-05-22
d_1576,1701,2015-05-23
d_1577,1485,2015-05-24
d_1578,1698,2015-05-25
d_1579,1298,2015-05-26
d_1580,1405,2015-05-27
d_1581,1357,2015-05-28
d_1582,1452,2015-05-29
d_1583,1501,2015-05-30
d_1584,1776,2015-05-31
d_1585,1826,2015-06-01
d_1586,1469,2015-06-02
d_1587,1670,2015-06-03
d_1588,1598,2015-06-04
d_1589,1961,2015-06-05
d_1590,2114,2015-06-06
d_1591,2509,2015-06-07
d_1592,1828,2015-06-08
d_1593,1678,2015-06-09
d_1594,1516,2015-06-10
d_1595,1702,2015-06-11
d_1596,1742,2015-06-12
d_1597,1971,2015-06-13
d_1598,2233,2015-06-14
d_1599,4027,2015-06-15
d_1600,1088,2015-06-16
d_1601,1103,2015-06-17
d_1602,1320,2015-06-18
d_1603,1543,2015-06-19
d_1604,1811,2015-06-20
d_1605,1887,2015-06-21
d_1606,1529,2015-06-22
d_1607,1378,2015-06-23
d_1608,1435,2015-06-24
d_1609,1361,2015-06-25
d_1610,1509,2015-06-26
d_1611,1796,2015-06-27
d_1612,1920,2015-06-28
d_1613,1501,2015-06-29
d_1614,1129,2015-06-30
d_1615,1612,2015-07-01
d_1616,1789,2015-07-02
d_1617,2152,2015-07-03
d_1618,1905,2015-07-04
d_1619,2042,2015-07-05
d_1620,1900,2015-07-06
d_1621,1765,2015-07-07
d_1622,1514,2015-07-08
d_1623,1879,2015-07-09
d_1624,1692,2015-07-10
d_1625,2097,2015-07-11
d_1626,2415,2015-07-12
d_1627,2132,2015-07-13
d_1628,1713,2015-07-14
d_1629,1774,2015-07-15
d_1630,1587,2015-07-16
d_1631,1961,2015-07-17
d_1632,2135,2015-07-18
d_1633,2406,2015-07-19
d_1634,1899,2015-07-20
d_1635,1580,2015-07-21
d_1636,1417,2015-07-22
d_1637,1618,2015-07-23
d_1638,1794,2015-07-24
d_1639,2039,2015-07-25
d_1640,2096,2015-07-26
d_1641,1564,2015-07-27
d_1642,1558,2015-07-28
d_1643,1445,2015-07-29
d_1644,1327,2015-07-30
d_1645,1744,2015-07-31
d_1646,2207,2015-08-01
d_1647,2447,2015-08-02
d_1648,2283,2015-08-03
d_1649,1639,2015-08-04
d_1650,1798,2015-08-05
d_1651,1768,2015-08-06
d_1652,1938,2015-08-07
d_1653,2089,2015-08-08
d_1654,2478,2015-08-09
d_1655,1855,2015-08-10
d_1656,1648,2015-08-11
d_1657,1735,2015-08-12
d_1658,1689,2015-08-13
d_1659,1650,2015-08-14
d_1660,2130,2015-08-15
d_1661,2080,2015-08-16
d_1662,1667,2015-08-17
d_1663,1458,2015-08-18
d_1664,1206,2015-08-19
d_1665,1235,2015-08-20
d_1666,1593,2015-08-21
d_1667,1742,2015-08-22
d_1668,2365,2015-08-23
d_1669,1732,2015-08-24
d_1670,1523,2015-08-25
d_1671,1305,2015-08-26
d_1672,1377,2015-08-27
d_1673,1457,2015-08-28
d_1674,1641,2015-08-29
d_1675,2027,2015-08-30
d_1676,1376,2015-08-31
d_1677,1563,2015-09-01
d_1678,1378,2015-09-02
d_1679,1685,2015-09-03
d_1680,1392,2015-09-04
d_1681,1837,2015-09-05
d_1682,1908,2015-09-06
d_1683,2127,2015-09-07
d_1684,1491,2015-09-08
d_1685,1469,2015-09-09
d_1686,1308,2015-09-10
d_1687,1456,2015-09-11
d_1688,2046,2015-09-12
d_1689,2428,2015-09-13
d_1690,1582,2015-09-14
d_1691,1544,2015-09-15
d_1692,1440,2015-09-16
d_1693,1334,2015-09-17
d_1694,1517,2015-09-18
d_1695,1837,2015-09-19
d_1696,2280,2015-09-20
d_1697,1527,2015-09-21
d_1698,1351,2015-09-22
d_1699,1438,2015-09-23
d_1700,1542,2015-09-24
d_1701,1355,2015-09-25
d_1702,1776,2015-09-26
d_1703,1846,2015-09-27
d_1704,1300,2015-09-28
d_1705,1232,2015-09-29
d_1706,1136,2015-09-30
d_1707,1659,2015-10-01
d_1708,1659,2015-10-02
d_1709,1834,2015-10-03
d_1710,2153,2015-10-04
d_1711,2023,2015-10-05
d_1712,1730,2015-10-06
d_1713,1749,2015-10-07
d_1714,1568,2015-10-08
d_1715,1648,2015-10-09
d_1716,1833,2015-10-10
d_1717,2188,2015-10-11
d_1718,1865,2015-10-12
d_1719,1644,2015-10-13
d_1720,1018,2015-10-14
d_1721,1726,2015-10-15
d_1722,1485,2015-10-16
d_1723,1962,2015-10-17
d_1724,1953,2015-10-18
d_1725,1552,2015-10-19
d_1726,1445,2015-10-20
d_1727,1295,2015-10-21
d_1728,1444,2015-10-22
d_1729,1664,2015-10-23
d_1730,1716,2015-10-24
d_1731,1673,2015-10-25
d_1732,1523,2015-10-26
d_1733,1253,2015-10-27
d_1734,1235,2015-10-28
d_1735,1269,2015-10-29
d_1736,1412,2015-10-30
d_1737,1383,2015-10-31
d_1738,1892,2015-11-01
d_1739,1516,2015-11-02
d_1740,1487,2015-11-03
d_1741,1295,2015-11-04
d_1742,1274,2015-11-05
d_1743,1501,2015-11-06
d_1744,1799,2015-11-07
d_1745,1832,2015-11-08
d_1746,1684,2015-11-09
d_1747,1249,2015-11-10
d_1748,1283,2015-11-11
d_1749,1413,2015-11-12
d_1750,1482,2015-11-13
d_1751,1818,2015-11-14
d_1752,2034,2015-11-15
d_1753,1446,2015-11-16
d_1754,1142,2015-11-17
d_1755,1379,2015-11-18
d_1756,1290,2015-11-19
d_1757,1352,2015-11-20
d_1758,1498,2015-11-21
d_1759,1701,2015-11-22
d_1760,1406,2015-11-23
d_1761,1429,2015-11-24
d_1762,1848,2015-11-25
d_1763,1303,2015-11-26
d_1764,1021,2015-11-27
d_1765,1301,2015-11-28
d_1766,1322,2015-11-29
d_1767,1218,2015-11-30
d_1768,1485,2015-12-01
d_1769,1247,2015-12-02
d_1770,1426,2015-12-03
d_1771,1239,2015-12-04
d_1772,1549,2015-12-05
d_1773,1726,2015-12-06
d_1774,1545,2015-12-07
d_1775,1213,2015-12-08
d_1776,1254,2015-12-09
d_1777,1237,2015-12-10
d_1778,1389,2015-12-11
d_1779,1590,2015-12-12
d_1780,1839,2015-12-13
d_1781,1527,2015-12-14
d_1782,1559,2015-12-15
d_1783,1565,2015-12-16
d_1784,1679,2015-12-17
d_1785,1398,2015-12-18
d_1786,1348,2015-12-19
d_1787,1420,2015-12-20
d_1788,1336,2015-12-21
d_1789,1437,2015-12-22
d_1790,1602,2015-12-23
d_1791,1729,2015-12-24
d_1792,2,2015-12-25
d_1793,1457,2015-12-26
d_1794,1114,2015-12-27
d_1795,1092,2015-12-28
d_1796,1191,2015-12-29
d_1797,1167,2015-12-30
d_1798,1682,2015-12-31
d_1799,1253,2016-01-01
d_1800,1293,2016-01-02
d_1801,1615,2016-01-03
d_1802,1314,2016-01-04
d_1803,1330,2016-01-05
d_1804,1042,2016-01-06
d_1805,1727,2016-01-07
d_1806,1438,2016-01-08
d_1807,1800,2016-01-09
d_1808,1746,2016-01-10
d_1809,1626,2016-01-11
d_1810,1697,2016-01-12
d_1811,1514,2016-01-13
d_1812,1378,2016-01-14
d_1813,1616,2016-01-15
d_1814,1857,2016-01-16
d_1815,1921,2016-01-17
d_1816,1666,2016-01-18
d_1817,1337,2016-01-19
d_1818,1380,2016-01-20
d_1819,1308,2016-01-21
d_1820,1533,2016-01-22
d_1821,1689,2016-01-23
d_1822,1930,2016-01-24
d_1823,1568,2016-01-25
d_1824,1221,2016-01-26
d_1825,1215,2016-01-27
d_1826,1381,2016-01-28
d_1827,1521,2016-01-29
d_1828,1866,2016-01-30
d_1829,2118,2016-01-31
d_1830,1816,2016-02-01
d_1831,1358,2016-02-02
d_1832,1717,2016-02-03
d_1833,1422,2016-02-04
d_1834,1576,2016-02-05
d_1835,2039,2016-02-06
d_1836,2487,2016-02-07
d_1837,1653,2016-02-08
d_1838,1612,2016-02-09
d_1839,1618,2016-02-10
d_1840,2033,2016-02-11
d_1841,1936,2016-02-12
d_1842,2028,2016-02-13
d_1843,2129,2016-02-14
d_1844,1813,2016-02-15
d_1845,1621,2016-02-16
d_1846,1446,2016-02-17
d_1847,1453,2016-02-18
d_1848,1560,2016-02-19
d_1849,1971,2016-02-20
d_1850,2104,2016-02-21
d_1851,1439,2016-02-22
d_1852,1342,2016-02-23
d_1853,1383,2016-02-24
d_1854,1351,2016-02-25
d_1855,1351,2016-02-26
d_1856,1733,2016-02-27
d_1857,1998,2016-02-28
d_1858,1493,2016-02-29
d_1859,1634,2016-03-01
d_1860,1618,2016-03-02
d_1861,1677,2016-03-03
d_1862,1551,2016-03-04
d_1863,1774,2016-03-05
d_1864,1904,2016-03-06
d_1865,1951,2016-03-07
d_1866,1538,2016-03-08
d_1867,1348,2016-03-09
d_1868,1551,2016-03-10
d_1869,1822,2016-03-11
d_1870,2043,2016-03-12
d_1871,2005,2016-03-13
d_1872,1805,2016-03-14
d_1873,1875,2016-03-15
d_1874,1733,2016-03-16
d_1875,1486,2016-03-17
d_1876,1582,2016-03-18
d_1877,1781,2016-03-19
d_1878,2019,2016-03-20
d_1879,1571,2016-03-21
d_1880,1593,2016-03-22
d_1881,1485,2016-03-23
d_1882,1432,2016-03-24
d_1883,2000,2016-03-25
d_1884,2138,2016-03-26
d_1885,1973,2016-03-27
d_1886,1664,2016-03-28
d_1887,1208,2016-03-29
d_1888,1266,2016-03-30
d_1889,1383,2016-03-31
d_1890,1686,2016-04-01
d_1891,1764,2016-04-02
d_1892,2092,2016-04-03
d_1893,1548,2016-04-04
d_1894,1557,2016-04-05
d_1895,1634,2016-04-06
d_1896,1618,2016-04-07
d_1897,1645,2016-04-08
d_1898,2019,2016-04-09
d_1899,2112,2016-04-10
d_1900,1824,2016-04-11
d_1901,1742,2016-04-12
d_1902,1533,2016-04-13
d_1903,1579,2016-04-14
d_1904,1633,2016-04-15
d_1905,1930,2016-04-16
d_1906,2082,2016-04-17
d_1907,1524,2016-04-18
d_1908,1760,2016-04-19
d_1909,1526,2016-04-20
d_1910,1423,2016-04-21
d_1911,1664,2016-04-22
d_1912,1974,2016-04-23
d_1913,1777,2016-04-24
